"Polygon","2002","2003","2004","2005","2006","2007","2008","2009","2010","2011","2012","2013","2014","2015","2016","2017","2018","2019","2020","2021","2022","2023","Initials","Segment"
"C-I-1 N",77,"0",15,"24",9,0,8,11,15,13,12,13,29,41,37,16,39,18,2,11,18,20,"DT","C1"
"C-I-2N",NA,NA,NA,NA,NA,NA,NA,NA,NA,NA,NA,NA,NA,NA,NA,NA,NA,NA,NA,NA,NA,NA,NA,"C1"
"C-I-3 N",NA,NA,NA,NA,NA,NA,NA,NA,NA,NA,NA,NA,NA,NA,NA,NA,NA,NA,NA,NA,NA,NA,NA,"C1"
"C-I-4 N",82,"4",46,"11",28,0,13,25,16,15,32,16,55,30,45,21,26,27,5,3,7,11,"DT","C1"
"C-I-5 N",NA,NA,NA,NA,NA,NA,NA,NA,NA,NA,NA,NA,NA,NA,NA,NA,NA,NA,NA,NA,NA,NA,NA,"C1"
"C-I-6 N",16,"4",7,"2",4,0,5,4,3,3,6,0,28,24,18,0,5,2,0,2,0,0,"BH","C1"
"C-I-7 N",13,"2",8,"12",7,0,4,5,18,2,2,9,14,6,0,0,3,1,0,0,0,0,"BH","C1"
"C-I-8 N",7,"0",1,"1",4,0,4,1,3,3,2,12,5,1,0,5,1,4,1,0,0,4,"BH","C1"
"C-I-9 N",1,"0",2,"0",0,0,0,1,0,0,0,1,0,1,6,1,2,0,0,0,0,0,"BH","C1"
"C-I-10 N",1,"0",2,NA,6,0,0,0,0,0,0,5,3,1,12,3,20,12,1,0,2,8,"DT","C1"
"C-I-11 N",NA,NA,NA,NA,NA,NA,NA,NA,NA,NA,NA,NA,NA,NA,NA,NA,NA,NA,NA,NA,NA,NA,"BH","C1"
"C-I-12 N",0,"0",2,"1",0,0,0,0,0,0,0,0,0,0,0,0,0,0,0,0,NA,0,"BH","C1"
"C-1-13 N",NA,NA,NA,NA,NA,NA,NA,NA,NA,NA,NA,NA,NA,NA,NA,NA,NA,NA,NA,NA,NA,NA,"BH","C1"
"C-I-14 N",0,"0",1,"1",0,0,0,5,3,2,2,8,5,6,4,12,4,4,6,1,0,5,"DT","C1"
"C-I-15 N",NA,NA,NA,"1",0,0,0,2,0,0,0,1,0,2,0,5,0,0,0,0,0,2,"BH","C1"
"C-I-16 N",NA,NA,NA,"1",0,0,0,0,0,0,0,5,0,4,0,0,0,0,0,0,0,0,"BH","C1"
"C-I-17 N",NA,NA,NA,NA,NA,NA,NA,NA,NA,NA,NA,NA,NA,NA,NA,NA,NA,NA,NA,NA,0,0,"BH","C1"
"C-I-18 N",NA,NA,NA,NA,NA,NA,1,1,1,3,1,2,15,0,0,0,2,0,0,0,0,0,"BH","C1"
"C-I-19 N",NA,NA,NA,NA,NA,NA,2,0,4,2,2,1,0,0,0,0,0,0,0,0,0,0,"DT","C1"
"C-I-20 N",NA,NA,NA,NA,NA,NA,NA,1,0,1,5,4,0,0,0,0,0,0,0,0,0,0,"BH","C1"
"C-I-21 N",NA,NA,NA,NA,NA,NA,NA,NA,13,68,16,26,0,0,25,8,11,2,7,0,0,2,"DT","C1"
"C-I-22 N",NA,NA,NA,NA,NA,NA,NA,NA,NA,3,0,2,2,0,0,0,0,0,0,0,0,0,"BH","C1"
"C-I-23 N",NA,NA,NA,NA,NA,NA,NA,NA,NA,NA,NA,NA,NA,3,0,0,0,2,1,0,0,0,"DT","C1"
"C-I-24 N",NA,NA,NA,NA,NA,NA,NA,NA,NA,NA,NA,NA,NA,NA,1,1,5,0,0,0,0,0,"BH","C1"
"C-II-1 S",NA,NA,NA,NA,NA,NA,NA,NA,NA,NA,NA,NA,NA,NA,NA,NA,NA,NA,NA,NA,NA,0,"BH","C2"
"C-II-2 S",NA,NA,NA,NA,NA,NA,NA,NA,NA,NA,NA,NA,NA,NA,NA,NA,NA,NA,NA,NA,NA,0,"BH","C2"
"C-II-3 S",20,"4",7,"8",4,0,1,10,5,3,2,2,4,32,18,0,0,0,2,0,24,42,"BH","C2"
"C-II-4 S",6,"0",0,"5",0,0,0,1,2,0,0,0,0,0,0,0,0,0,0,0,0,0,"BH","C2"
"C-II-5 S",1,"1",1,"1",0,0,1,3,1,3,0,2,14,3,4,0,4,5,0,0,0,0,"BH","C2"
"C-II-6 S",6,"0",0,"0",2,0,0,0,0,0,0,1,4,0,2,0,0,0,0,0,0,0,"BH","C2"
"C-II-7 S",8,"7",5,"5",6,0,4,5,5,0,0,0,14,6,6,2,5,0,0,0,0,0,"BH","C2"
"C-II-8 S",NA,NA,NA,NA,NA,NA,NA,NA,NA,NA,NA,NA,NA,NA,NA,NA,NA,NA,NA,NA,NA,NA,"BH","C2"
"C-II-9 S",8,"0",0,"0",0,0,0,0,0,0,0,0,0,0,0,6,6,0,0,0,0,0,"BH","C2"
"C-II-10 S",NA,NA,NA,NA,NA,NA,NA,1,0,0,1,1,0,0,0,0,0,0,0,0,0,0,"BH","C2"
"C-II-11 S",NA,NA,NA,NA,NA,NA,NA,NA,1,0,0,0,0,3,0,0,0,0,0,0,0,0,"BH","C2"
"C-III-1 M",49,"7",31,"38",11,4,25,88,26,35,23,40,85,46,19,17,59,32,2,15,12,47,"BH","C3"
"C-III-2 M",NA,NA,NA,NA,NA,NA,NA,NA,NA,NA,NA,NA,NA,NA,NA,NA,NA,NA,NA,NA,NA,NA,NA,"C3"
"C-III-3 M",18,"7",8,"18",4,0,4,3,1,0,1,2,14,0,0,0,0,1,0,0,2,10,"BH","C3"
"C-III-4 M",NA,NA,NA,"1",0,0,0,0,0,0,0,0,0,0,0,0,0,0,0,0,0,0,"BH","C3"
"C-III-5 M",76,"59",26,"7",4,0,1,4,1,3,1,4,1,0,2,0,1,3,0,0,3,4,"BH","C3"
"C-III-6 M",NA,NA,1,"2",0,0,0,0,0,0,0,0,0,0,0,0,0,0,0,0,0,0,"BH","C3"
"C-III-7 M",NA,NA,1,"5",0,0,0,1,1,0,2,0,0,0,0,0,0,0,0,0,0,0,"BH","C3"
"C-III-8 M",NA,NA,NA,NA,NA,NA,NA,NA,NA,NA,NA,NA,NA,NA,NA,NA,NA,NA,NA,NA,NA,NA,NA,"C3"
"C-III-9 M",NA,NA,NA,NA,NA,NA,NA,NA,NA,NA,NA,NA,NA,NA,NA,NA,NA,NA,NA,NA,NA,NA,NA,"C3"
"C-III-10 M",NA,NA,NA,NA,NA,NA,NA,NA,NA,1,0,0,0,0,0,0,0,0,0,0,0,0,"BH","C3"
"C-III-11 M",NA,NA,NA,NA,NA,NA,NA,NA,NA,NA,NA,NA,NA,NA,NA,NA,NA,NA,NA,1,0,0,"BH","C3"
"C-IV-1 N",1,"0",0,"0",0,0,0,0,0,0,0,0,0,0,0,0,0,0,0,0,0,0,"BH DT","C4"
"C-IV-2 N",16,"6",3,"59",5,1,0,1,6,1,0,0,1,0,0,0,2,4,0,0,0,0,"BH DT","C4"
"C-IV-3 N",31,"19",3,"3",5,1,0,0,0,1,0,0,0,1,0,0,0,0,0,0,0,0,"BH DT","C4"
"C-IV-4 N",44,"8",9,"20",33,10,16,14,20,32,15,3,18,20,19,14,11,23,0,1,0,5,"BH DT","C4"
"C-IV-5 N",11,"3",5,"6",2,0,2,0,4,2,1,2,0,0,1,0,0,0,0,3,0,1,"BH DT","C4"
"C-IV-6 N",5,"0",0,"6",0,3,0,1,3,3,0,0,2,6,4,14,7,4,0,0,4,2,"BH DT","C4"
"C-IV-7 N",3,"1",0,"7",5,6,6,18,17,6,1,0,5,12,0,0,0,2,0,0,1,0,"BH DT","C4"
"C-IV-8 N",4,"3",0,"1",4,0,0,0,0,0,0,0,0,0,0,2,0,0,0,0,0,0,"BH DT","C4"
"C-IV-9 N",NA,NA,NA,"1",0,0,0,1,4,4,0,0,0,0,0,0,2,0,0,0,0,0,"BH DT","C4"
"C-IV-10 N",NA,"1",1,"4",6,0,5,2,2,1,1,4,4,5,0,0,1,0,0,0,0,0,"BH DT","C4"
"C-IV-11 N",5,"3",0,"2",3,3,0,1,0,0,0,1,0,0,0,0,0,0,0,0,0,0,"BH DT","C4"
"C-IV-12 N",5,"0",4,"3",5,0,0,2,9,1,1,0,0,2,0,2,7,12,0,0,2,16,"BH DT","C4"
"C-IV-13 N",NA,NA,9,"6",2,0,1,3,1,0,0,0,0,1,0,0,2,0,1,0,0,0,"BH DT","C4"
"C-IV-14 N",7,"1",10,"9",3,0,8,5,5,1,1,2,0,0,0,2,0,0,0,0,0,0,"BH DT","C4"
"C-IV-15 N",7,"4",0,"0",0,0,0,0,4,0,0,2,0,0,0,0,1,0,0,0,0,0,"BH DT","C4"
"C-IV-16 N",2,"1",0,"0",0,0,0,0,0,0,0,0,0,0,0,0,0,0,0,0,0,0,"BH DT","C4"
"C-IV-17 N",3,"0",0,"0",0,0,0,0,0,0,0,0,0,0,0,0,0,0,0,0,NA,NA,NA,"C4"
"C-IV-18 N",0,"1",6,"33",8,0,0,0,1,0,1,0,3,1,5,1,0,0,1,0,1,0,"BH DT","C4"
"C-IV-19 N",0,"2",3,"2",4,0,1,0,0,0,1,0,0,0,0,0,0,0,0,0,1,0,"BH DT","C4"
"C-IV-20 N",NA,NA,1,"2",2,0,0,1,0,0,0,1,0,0,0,0,0,0,0,0,0,0,"BH DT","C4"
"C-V-1 N",3,"0",2,"2",4,0,0,1,0,0,0,0,0,0,0,0,0,0,0,0,0,0,"BH","C5"
"C-V-2 N",18,"0",7,"0",0,0,0,0,0,0,0,0,0,0,0,0,0,0,1,1,0,0,"BH","C5"
"C-V-3 N",31,"0",5,"12",0,0,0,0,0,0,0,0,0,0,0,0,0,0,0,0,0,0,"BH","C5"
"C-V-4 N",1,"0",0,"0",0,0,0,0,0,2,3,4,1,0,0,0,0,0,0,0,0,0,"BH","C5"
"C-V-5 N",7,"0",1,"0",0,0,0,3,0,0,0,0,0,0,0,2,0,0,0,0,0,0,"BH","C5"
"C-V-6 N",1,"0",0,"0",3,0,0,0,0,0,0,0,0,0,2,0,0,0,0,0,0,0,"BH","C5"
"C-V-7 N",5,"0",0,"0",0,0,0,0,0,0,0,0,0,0,0,0,0,0,0,0,0,0,"BH","C5"
"C-VI-1 S",25,"3",15,"43",54,3,14,26,19,8,35,6,32,45,79,71,119,153,46,50,96,124,"BH DT","C6"
"C-VI-2 S",41,"19",34,"96",73,0,4,20,38,85,55,10,45,58,45,31,61,104,8,17,5,29,"BH DT","C6"
"C-VI-3 S",3,"1",0,"13",17,0,4,10,25,9,5,8,15,11,0,0,1,0,0,0,0,2,"BH DT","C6"
"C-VI-4 S",101,"55",72,"64",0,3,6,20,3,20,11,30,11,15,4,5,6,22,0,4,0,4,"BH DT","C6"
"C-VI-5 S",1,"0",2,"5",2,0,1,12,2,10,13,10,6,6,0,1,0,4,4,6,0,5,"DT","C6"
"C-VI-6 S",26,"4",8,"5",2,0,2,0,6,2,2,0,6,1,1,2,3,4,1,0,4,2,"BH DT","C6"
"C-VI-7 S",4,"4",8,"6",14,4,13,44,34,42,11,5,11,3,0,2,1,1,0,2,2,0,"BH DT","C6"
"C-VI-7b S",NA,NA,NA,NA,NA,NA,NA,NA,NA,NA,NA,NA,NA,NA,NA,NA,NA,NA,NA,NA,NA,NA,NA,"C6"
"C-VI-8 S",14,"0",8,"40",24,0,2,2,16,7,7,4,7,1,7,6,0,0,0,0,0,0,"BH DT","C6"
"C-VI-9 S",0,"0",0,"0",0,0,0,0,0,0,0,0,0,0,0,0,0,0,0,0,0,0,"BH DT","C6"
"C-VI-10 S",NA,NA,NA,NA,NA,NA,NA,NA,NA,NA,NA,NA,NA,NA,NA,NA,NA,NA,NA,NA,NA,NA,NA,"C6"
"C-VI-11 S",4,"6",1,"2",0,0,2,0,2,0,1,4,1,0,0,0,5,9,5,2,6,8,"BH","C6"
"C-VI-12 S",NA,NA,NA,NA,NA,NA,NA,NA,NA,NA,NA,NA,NA,NA,NA,NA,NA,NA,NA,NA,NA,NA,NA,"C6"
"C-VI-13 S",1,"0",0,"0",0,0,3,3,1,0,0,0,0,0,0,0,0,0,1,0,0,0,"BH","C6"
"C-VI-14 S",1,"0",0,"0",0,0,0,0,0,0,3,0,3,2,0,0,1,0,0,0,0,0,"BH","C6"
"C-VI-15 S",NA,NA,NA,NA,NA,NA,NA,NA,NA,NA,NA,NA,NA,NA,NA,NA,NA,NA,NA,NA,NA,NA,NA,"C6"
"C-VI-16 S",2,"1",0,"0",0,0,0,0,0,0,0,0,0,0,0,0,0,0,0,0,0,0,"BH","C6"
"C-VI-17 S",0,"0",0,"0",0,0,1,0,3,2,0,0,3,2,0,0,0,0,0,0,0,0,"BH","C6"
"C-VI-18 S",0,"0",0,"0",0,0,1,0,0,0,0,0,0,1,0,0,0,0,0,0,0,0,"BH","C6"
"C-VI-19 S",0,"0",0,"0",0,0,4,9,3,3,0,0,6,0,0,10,0,0,3,0,0,0,"BH","C6"
"C-VI-20 N",NA,NA,NA,NA,NA,NA,NA,1,2,2,2,5,1,11,1,0,3,0,0,0,0,3,"BH","C6"
"C-VI-21 S",NA,NA,NA,NA,NA,NA,NA,NA,NA,NA,NA,NA,0,0,0,0,0,0,1,0,0,0,"BH","C6"
"C-VI-22 S",NA,NA,NA,NA,NA,NA,NA,NA,NA,NA,NA,NA,1,2,0,0,0,0,0,0,0,0,"BH","C6"
"C-VII-1 S",0,"0",0,"0",0,0,4,1,0,13,6,14,7,8,5,0,31,10,1,15,0,6,"DT","C7"
"C-VII-2 S",0,"0",0,"0",0,0,1,2,0,2,5,2,0,10,24,21,0,9,7,0,16,28,"DT","C7"
"C-VII-3 S",0,"0",0,"0",0,0,1,2,0,11,7,9,4,0,13,4,1,0,0,0,0,0,"DT","C7"
"C-VII-4 S",NA,NA,NA,NA,NA,NA,NA,NA,NA,NA,NA,NA,6,2,0,0,0,2,4,0,1,0,"DT","C7"
"C-VIII-1 S",NA,NA,NA,NA,NA,NA,NA,NA,NA,NA,NA,NA,NA,NA,NA,NA,2,1,0,0,0,0,"BH DT","C8"
"D-I-1 N, S",1,"0",1,"0",9,0,1,1,0,0,0,8,1,0,54,20,19,28,27,8,4,8,"BH DT","D1"
"D-I-2 S",9,"4",3,"9",0,0,1,8,3,16,14,NA,4,1,2,0,0,5,8,2,0,0,"BH DT","D1"
"D-I-3 N",14,"21",11,"79",82,0,11,22,45,42,189,252,797,93,157,1081,2601,792,936,976,161,0,"BH DT","D1"
"D-I-4 S",5,"12",75,"83",41,0,2,31,37,115,118,109,156,2,14,167,195,37,80,54,10,0,"BH DT","D1"
"D-I-5 S",NA,NA,NA,NA,NA,NA,NA,NA,NA,NA,NA,NA,NA,NA,NA,NA,NA,NA,NA,NA,NA,NA,NA,"D1"
"D-I-6 S",8,"15",6,"1",2,0,1,1,0,3,7,11,6,1,1,1,13,8,1,1,15,0,"BH DT","D1"
"D-I-7 S",11,"1",0,"5",3,0,0,3,0,0,9,0,1,1,0,0,2,2,0,0,3,3,"BH DT","D1"
"D-I-8 S",7,"5",242,"630",487,0,1,111,49,251,634,0,13,42,216,573,1022,508,239,262,230,108,"BH DT","D1"
"D-I-9 S",NA,NA,NA,NA,NA,NA,NA,NA,NA,NA,NA,NA,NA,NA,NA,NA,NA,NA,NA,NA,NA,NA,NA,"D1"
"D-I-10 S",NA,NA,NA,NA,NA,NA,NA,NA,NA,NA,NA,NA,NA,NA,NA,NA,NA,NA,NA,NA,NA,NA,NA,"D1"
"D-I-11",NA,NA,NA,NA,NA,NA,NA,NA,NA,NA,NA,NA,NA,NA,NA,NA,NA,NA,NA,NA,NA,NA,NA,"D1"
"D-I-12",NA,NA,NA,NA,NA,NA,NA,NA,NA,NA,NA,NA,NA,NA,NA,NA,NA,NA,NA,NA,NA,NA,NA,"D1"
"D-I-13",NA,NA,NA,NA,NA,NA,NA,NA,NA,NA,NA,NA,NA,NA,NA,NA,NA,NA,NA,NA,NA,NA,NA,"D1"
"D-I-14 S",125,"51",76,"417",117,2,20,27,9,62,75,66,178,7,6,118,161,64,37,33,7,10,"BH DT","D1"
"D-I-15 S",NA,NA,NA,NA,NA,NA,NA,NA,NA,NA,NA,NA,NA,NA,NA,NA,NA,NA,NA,NA,NA,NA,"BH DT","D1"
"D-I-16 S",11,"6",34,"2",0,5,0,20,5,73,92,101,188,35,10,21,7,29,24,11,7,18,"BH DT","D1"
"D-I-17 N",60,"125",156,"303",135,3,76,88,7,124,385,15,11,6,26,145,323,304,81,113,45,53,"BH DT","D1"
"D-I-18 N",NA,NA,NA,NA,NA,NA,NA,NA,NA,NA,NA,NA,NA,NA,NA,NA,NA,NA,NA,NA,NA,NA,NA,"D1"
"D-I-19 N",109,"299",320,"ck",81,0,14,30,0,227,415,88,180,53,161,176,727,20,124,152,105,7,"BH DT","D1"
"D-I-20 S",78,"44",41,"34",27,0,2,25,14,42,16,18,37,28,40,64,44,16,6,25,4,2,"BH DT","D1"
"D-I-21 N",19,"1",7,"12",10,0,2,23,4,71,48,10,10,7,1,6,24,5,43,21,1,1,"BH DT","D1"
"D-I-22 N",NA,NA,NA,NA,NA,NA,NA,NA,NA,NA,NA,NA,NA,NA,NA,NA,NA,NA,NA,NA,NA,NA,NA,"D1"
"D-I-23 N",66,"278",327,"299",409,30,48,635,159,514,1054,409,631,7,449,670,1062,528,80,936,1078,441,"BH DT","D1"
"D-I-24 N",NA,NA,NA,NA,NA,NA,NA,NA,NA,NA,NA,NA,NA,NA,NA,NA,NA,NA,NA,NA,NA,NA,NA,"D1"
"D-I-25 S",NA,NA,NA,NA,NA,NA,NA,NA,NA,NA,NA,NA,NA,NA,NA,NA,NA,NA,NA,NA,NA,NA,NA,"D1"
"D-I-26 S",NA,NA,NA,NA,NA,NA,NA,NA,NA,NA,NA,NA,NA,NA,NA,NA,NA,NA,NA,NA,NA,NA,NA,"D1"
"D-I-27 N",NA,NA,NA,NA,NA,NA,NA,NA,NA,NA,NA,NA,NA,NA,NA,NA,NA,NA,NA,NA,NA,NA,NA,"D1"
"D-I-28 N",NA,NA,NA,NA,NA,NA,NA,NA,NA,NA,NA,NA,NA,NA,NA,NA,NA,NA,NA,NA,NA,NA,NA,"D1"
"D-I-29 S",NA,NA,NA,NA,NA,NA,NA,NA,NA,NA,NA,NA,NA,NA,NA,NA,NA,NA,NA,NA,NA,NA,NA,"D1"
"D-I-30 S",NA,NA,NA,NA,NA,NA,NA,NA,NA,NA,NA,NA,NA,NA,NA,NA,NA,NA,NA,NA,NA,NA,NA,"D1"
"D-I-31 N",NA,NA,NA,NA,NA,NA,NA,NA,NA,NA,NA,NA,NA,NA,NA,NA,NA,NA,NA,NA,NA,NA,NA,"D1"
"D-I-32 N",0,"0",19,"4",8,0,0,5,2,0,5,4,19,0,1,7,6,0,0,0,1,0,"BH DT","D1"
"D-I-33 S",NA,NA,NA,NA,NA,NA,NA,2,0,11,1,0,2,0,0,0,0,0,0,0,0,0,"BH DT","D1"
"D-II-1 S",423,"188",281,"196",219,2,18,31,36,243,475,216,321,96,233,534,519,284,82,5,12,13,"BH DT","D2"
"D-II-2 N",NA,NA,NA,NA,NA,NA,NA,NA,NA,NA,NA,NA,NA,NA,NA,NA,NA,NA,NA,NA,NA,NA,NA,"D2"
"D-II-3 S",NA,NA,NA,NA,NA,NA,NA,NA,NA,NA,NA,NA,NA,NA,NA,NA,NA,NA,NA,NA,NA,NA,NA,"D2"
"D-II-5 S",152,"268",409,"533",168,7,30,131,30,412,195,326,788,32,214,161,214,229,84,26,25,83,"BH DT","D2"
"D-II-6 N",NA,NA,NA,"3",6,0,0,1,0,0,0,22,1,5,64,0,0,2,2,1,0,0,"BH DT","D2"
"D-II-8 N",NA,NA,NA,NA,NA,NA,NA,NA,NA,NA,NA,NA,NA,NA,NA,NA,NA,NA,NA,NA,NA,NA,NA,"D2"
"D-II-9 S",NA,NA,NA,NA,NA,NA,NA,NA,NA,NA,NA,NA,NA,NA,NA,NA,NA,NA,NA,NA,NA,NA,NA,"D2"
"D-II-10 S",NA,NA,NA,NA,NA,0,NA,NA,NA,NA,NA,NA,NA,NA,NA,NA,NA,NA,NA,NA,NA,NA,NA,"D2"
"D-II-11 N",145,"76",146,"197",216,0,0,0,0,8,9,0,42,1,8,13,0,0,17,0,0,0,"BH DT","D2"
"D-II-12 N",NA,NA,NA,NA,NA,NA,NA,NA,NA,NA,NA,NA,NA,NA,NA,NA,NA,NA,NA,NA,NA,NA,NA,"D2"
"D-II-13 N",NA,NA,NA,NA,NA,NA,1,39,16,133,300,82,215,30,71,249,616,263,57,29,32,51,"BH DT","D2"
"D-II-14 N",NA,"1",6,"5",14,1,0,6,13,28,19,160,63,1,19,25,54,22,9,0,6,53,"BH DT","D2"
"D-II-15 S",NA,NA,7,"19",7,0,3,0,0,21,5,0,25,41,12,11,42,34,0,32,1,0,"BH DT","D2"
"D-II-16 N",NA,NA,4,"0",13,4,9,24,10,51,31,10,41,7,26,96,113,42,10,3,11,5,"BH DT","D2"
"D-II-17 N",NA,NA,NA,NA,NA,NA,NA,NA,NA,NA,NA,1,1,0,0,0,2,1,0,4,0,0,"BH DT","D2"
"D-II-18 S",NA,NA,NA,NA,NA,NA,NA,NA,NA,NA,NA,NA,NA,NA,NA,NA,NA,NA,NA,NA,NA,NA,NA,"D2"
"D-II-19 N",NA,NA,NA,NA,NA,NA,NA,NA,NA,NA,NA,NA,NA,NA,NA,NA,NA,NA,NA,NA,NA,4,"BH DT","D2"
"D-III-1 S",275,"129",176,"187",113,0,47,115,50,179,160,19,116,57,209,131,328,229,89,59,57,1,"BH DT","D3"
"D-III-2 N",149,"171",367,"1684",342,1385,857,779,177,559,172,352,1013,156,188,76,215,514,178,209,87,73,"BH DT","D3"
"D-III-3 S",NA,NA,NA,NA,NA,NA,NA,NA,NA,NA,NA,NA,NA,NA,NA,NA,NA,NA,NA,NA,NA,NA,NA,"D3"
"D-III-4 N",121,"25",1,"38",10,0,1,38,12,249,14,94,10,13,44,31,32,83,27,56,63,10,"BH DT","D3"
"D-III-5 S",NA,NA,NA,NA,NA,NA,NA,NA,NA,NA,NA,NA,NA,NA,NA,NA,NA,NA,NA,NA,NA,NA,NA,"D3"
"D-III-6 S",NA,NA,NA,NA,NA,NA,NA,NA,NA,NA,NA,NA,NA,NA,NA,NA,NA,NA,NA,NA,NA,NA,NA,"D3"
"D-III-7 S",NA,NA,NA,NA,NA,NA,NA,NA,NA,NA,NA,NA,NA,NA,NA,NA,NA,NA,NA,NA,NA,NA,NA,"D3"
"D-III-8 N",844,"213",374,"847",361,26,10,136,40,1033,430,40,146,119,262,172,131,681,422,280,16,102,"BH DT","D3"
"D-III-9 S",154,"11",36,"42",44,5,13,25,34,128,112,103,295,206,84,136,168,298,65,41,30,19,"BH DT","D3"
"D-III-10 S",NA,NA,3,"11",0,0,1,1,2,0,6,4,6,0,89,8,0,5,0,0,0,0,"BH DT","D3"
"D-III-11 N",9,"19",3,"1",0,0,10,15,3,5,0,0,8,0,16,20,3,1,0,0,0,2,"BH DT","D3"
"D-III-13 S",3,"11",5,"5",4,0,1,4,0,3,8,37,12,36,0,49,35,8,1,0,0,0,"BH DT","D3"
"D-III-14 N",51,"22",23,"13",1,1,1,2,9,69,21,18,21,2,34,35,1,2,1,1,0,0,"BH DT","D3"
"D-III-16 S",NA,NA,NA,NA,NA,NA,NA,NA,NA,NA,NA,NA,NA,NA,NA,NA,NA,NA,NA,NA,NA,NA,NA,"D3"
"D-III-17 S",NA,NA,NA,NA,NA,NA,NA,NA,NA,NA,NA,NA,NA,NA,NA,NA,NA,NA,NA,NA,NA,NA,NA,"D3"
"D-III-18 N",NA,NA,NA,NA,NA,NA,NA,NA,NA,NA,NA,NA,NA,NA,NA,NA,NA,NA,NA,NA,NA,NA,NA,"D3"
"D-IV-1 N",174,"15",39,"56",8,2,3,10,3,49,159,71,111,61,20,41,167,211,32,40,23,12,"BH DT","D4"
"D-IV-2 S",171,"12",24,"48",29,0,7,21,33,93,41,35,5,4,17,23,105,44,20,31,1,6,"BH DT","D4"
"D-IV-3 S",NA,NA,NA,NA,NA,NA,NA,NA,15,NA,NA,33,112,35,50,53,97,83,12,14,8,44,"BH DT","D4"
"D-IV-4 S",51,"37",57,"76",42,0,5,27,18,137,98,98,102,58,38,49,3,18,0,0,1,2,"BH DT","D4"
"D-IV-5 S",NA,NA,NA,NA,NA,NA,NA,NA,NA,NA,NA,NA,NA,NA,NA,NA,NA,NA,NA,NA,NA,NA,NA,"D4"
"D-IV-6 N",42,"3",7,"14",5,0,1,25,19,93,112,44,59,9,16,59,21,1,7,2,5,13,"BH DT","D4"
"D-IV-7 N",NA,NA,NA,NA,NA,NA,NA,NA,NA,NA,NA,NA,NA,NA,NA,NA,NA,NA,NA,NA,NA,NA,NA,"D4"
"D-IV-8 N",7,"6",14,"6",11,1,0,6,1,10,28,15,9,1,28,55,2,15,4,0,1,2,"BH DT","D4"
"D-IV-9 S",19,"6",20,"19",13,2,10,42,25,116,35,42,13,6,12,11,6,8,16,7,2,38,"BH DT","D4"
"D-IV-10 N",29,"5",1,"ck",5,0,28,13,1,1,3,16,39,2,0,14,12,7,3,1,1,8,"BH DT","D4"
"D-IV-12 S",18,"19",51,"95",63,13,63,59,48,45,189,22,104,144,446,487,135,174,63,25,2,33,"BH DT","D4"
"D-IV-13 N",21,"4",5,"44",4,3,8,52,8,31,31,13,0,0,0,52,2,58,0,0,0,2,"BH DT","D4"
"D-IV-14 N",32,"10",12,"0",0,0,43,0,2,62,77,8,9,31,121,99,62,40,15,34,2,7,"BH DT","D4"
"D-IV-15 S",127,"5",6,"25",3,0,4,14,14,338,34,0,14,26,17,11,16,56,17,25,2,2,"BH DT","D4"
"D-IV-16 S",8,"6",6,"4",0,0,0,0,0,52,1,0,0,0,1,9,0,4,0,0,0,0,"BH DT","D4"
"D-IV-17 S",NA,NA,NA,NA,NA,NA,NA,NA,NA,NA,NA,NA,NA,NA,NA,NA,NA,NA,NA,NA,NA,NA,NA,"D4"
"D-IV-18 N",NA,NA,NA,"2",0,0,0,0,0,2,0,0,5,0,0,2,0,0,0,0,0,0,"BH DT","D4"
"D-IV-19 N",0,"0",0,"0",0,0,1,1,0,5,0,0,0,0,0,0,10,0,0,0,0,0,"BH DT","D4"
"D-IV-20  N",NA,NA,NA,NA,NA,NA,NA,1,0,5,6,10,3,0,0,7,0,8,0,0,1,0,"BH DT","D4"
"D-IV-21 S",NA,NA,NA,NA,NA,NA,NA,NA,NA,NA,NA,NA,NA,NA,1,0,0,0,0,0,1,0,"BH DT","D4"
"D-V-1 S",33,"11",23,"22",4,0,6,24,16,11,0,4,21,12,7,5,8,12,0,0,1,6,"DT","D5"
"U-I-1 S",43,"?",56,"8",7,0,2,3,126,343,8,0,97,49,342,27,118,19,14,107,4,18,"BH DT","U1"
"U-I-2 N",0,"0",0,"5",0,0,0,1,11,1,0,0,0,0,0,0,0,0,24,0,0,0,"BH DT","U1"
"U-I-3 N",22,"42",36,"93",29,0,0,0,5,41,30,36,54,3,6,6,39,4,4,1,0,5,"BH DT","U1"
"U-I-4 N",NA,NA,NA,NA,NA,NA,NA,NA,NA,NA,NA,NA,NA,NA,NA,NA,NA,NA,NA,NA,NA,NA,NA,"U1"
"U-I-5 S",177,"35",140,"129",198,1,0,16,195,1232,543,90,207,235,1250,774,1164,816,603,1740,1029,1404,NA,"U1"
"U-I-6 S",NA,NA,NA,NA,NA,NA,NA,NA,NA,NA,NA,NA,NA,NA,NA,NA,NA,NA,NA,NA,NA,NA,NA,"U1"
"U-I-7 S",18,"2",1,"0",0,0,0,0,2,3,45,0,14,57,0,0,0,1,0,0,0,3,"BH DT","U1"
"U-I-8 S",0,"0",1,"0",0,0,0,0,0,0,0,6,0,0,0,0,0,0,0,0,17,0,"BH DT","U1"
"U-I-9 N",NA,NA,NA,NA,NA,NA,NA,NA,NA,NA,NA,NA,NA,2,0,0,0,1,0,0,0,0,"BH DT","U1"
"U-II-1 N",368,"1961",1574,"430",740,182,138,684,1402,2592,212,607,1662,356,856,269,2460,1059,749,1544,886,537,"BH DT","U2"
"U-II-2 S",154,"37",88,"43",113,2,20,61,64,44,18,58,155,213,333,182,169,196,22,87,191,257,"BH DT","U2"
"U-II-3 S",76,"227",86,"38",197,335,108,197,144,288,97,99,230,62,50,41,126,83,30,35,7,3,"BH DT","U2"
"U-II-4 S",438,"1877",1263,"619",936,161,107,366,313,825,273,685,978,585,1434,536,783,477,285,293,526,306,"BH DT","U2"
"U-II-6 N",18,"278",129,"85",171,17,4,117,131,292,8,369,181,84,172,28,242,294,34,72,4,8,"BH DT","U2"
"U-II-7 N",3,"40",98,"150",265,0,2,32,13,128,64,112,175,68,25,9,59,30,73,237,62,42,"BH DT","U2"
"U-II-8 N",1,"8",53,"15",23,0,0,0,0,12,2,0,4,3,0,4,6,15,2,31,3,0,"BH DT","U2"
"U-II-9 S",5,"0",0,"17",10,0,0,3,3,0,0,1,3,8,21,9,32,4,10,8,24,2,"BH DT","U2"
"U-II-10 N",13,"10",0,"0",1,0,0,0,0,0,0,1,0,1,2,3,2,2,0,0,0,0,"BH DT","U2"
"U-II-11 N",NA,NA,NA,NA,NA,NA,NA,NA,NA,2,0,0,0,0,0,0,3,11,3,1,1,3,"BH DT","U2"
"U-II-12 N",NA,NA,NA,NA,NA,NA,NA,NA,NA,NA,NA,NA,NA,NA,NA,NA,NA,NA,NA,NA,NA,8,"BH DT","U2"
